{
	"format_version": "1.21.6",
	"credit": "Made with Blockbench",
	"parent": "minecraft:block/cube_all",
	"textures": {
		"0": "advancedbeacon:block/crying_obsidian",
		"1": "advancedbeacon:block/beacon_outline",
		"particle": "advancedbeacon:block/crying_obsidian"
	},
	"elements": [
		{
			"from": [0, 0, 0],
			"to": [16, 16, 16],
			"faces": {
				"north": {"uv": [0, 0, 16, 16], "texture": "#1"},
				"east": {"uv": [0, 0, 16, 16], "texture": "#1"},
				"south": {"uv": [0, 0, 16, 16], "texture": "#1"},
				"west": {"uv": [0, 0, 16, 16], "texture": "#1"},
				"up": {"uv": [0, 0, 16, 16], "texture": "#1"},
				"down": {"uv": [0, 0, 16, 16], "texture": "#1"}
			}
		},
		{
			"from": [0.001, 0.001, 0.001],
			"to": [15.999, 15.999, 15.999],
			"faces": {
				"north": {"uv": [0, 0, 15.998, 15.998], "texture": "#0"},
				"east": {"uv": [0, 0, 15.998, 15.998], "texture": "#0"},
				"south": {"uv": [0, 0, 15.998, 15.998], "texture": "#0"},
				"west": {"uv": [0, 0, 15.998, 15.998], "texture": "#0"},
				"up": {"uv": [0, 0, 15.998, 15.998], "texture": "#0"},
				"down": {"uv": [0, 0, 15.998, 15.998], "texture": "#0"}
			}
		}
	],
    "gui_light": "side",
    "display": {
        "gui": {
            "rotation": [ 30, 225, 0 ],
            "translation": [ 0, 0, 0],
            "scale":[ 0.625, 0.625, 0.625 ]
        },
        "ground": {
            "rotation": [ 0, 0, 0 ],
            "translation": [ 0, 3, 0],
            "scale":[ 0.25, 0.25, 0.25 ]
        },
        "fixed": {
            "rotation": [ 0, 0, 0 ],
            "translation": [ 0, 0, 0],
            "scale":[ 0.5, 0.5, 0.5 ]
        },
        "on_shelf": {
          "rotation": [ 0, 180, 0 ],
          "translation": [ 0, 0, 0 ],
          "scale": [ 1, 1, 1 ]
        },
        "thirdperson_righthand": {
            "rotation": [ 75, 45, 0 ],
            "translation": [ 0, 2.5, 0],
            "scale": [ 0.375, 0.375, 0.375 ]
        },
        "firstperson_righthand": {
            "rotation": [ 0, 45, 0 ],
            "translation": [ 0, 0, 0 ],
            "scale": [ 0.40, 0.40, 0.40 ]
        },
        "firstperson_lefthand": {
            "rotation": [ 0, 225, 0 ],
            "translation": [ 0, 0, 0 ],
            "scale": [ 0.40, 0.40, 0.40 ]
        }
    }
}