{
	"format_version": "1.21.6",
	"credit": "Made with Blockbench",
	"textures": {
		"3": "advancedbeacon:item/button/icons/unknown",
		"particle": "advancedbeacon:item/button/icons/unknown"
	},
	"elements": [
		{
			"name": "icon",
			"from": [7.999, 1.5, 1.5],
			"to": [8.001, 14.5, 14.5],
			"rotation": {"angle": 0, "axis": "y", "origin": [7, 2, 2]},
			"faces": {
				"east": {"uv": [0, 0, 16, 16], "texture": "#3"},
				"west": {"uv": [0, 0, 16, 16], "texture": "#3"}
			}
		}
	],
	"gui_light": "front",
	"display": {
		"ground": {
			"scale": [0, 0, 0]
		},
		"gui": {
			"rotation": [0, 90, 0]
		}
	}
}