{
	"format_version": "1.21.6",
	"credit": "Made with Blockbench",
	"textures": {
		"3": "advancedbeacon:item/button/slot",
		"particle": "advancedbeacon:item/button/slot"
	},
	"elements": [
		{
			"name": "button",
			"from": [8, 0, 0],
			"to": [8, 16, 16],
			"faces": {
				"east": {"uv": [0, 0, 16, 16], "texture": "#3"},
				"west": {"uv": [0, 0, 16, 16], "texture": "#3"}
			}
		}
	],
	"gui_light": "front",
	"display": {
		"ground": {
			"scale": [0, 0, 0]
		},
		"gui": {
			"rotation": [0, 90, 0]
		}
	}
}